h1. Supporters

h2. Sponsors

!littlelines-logo-white-bg.gif!:http://littlelines.com

!Mach_30_lt-bg.png!:http://mach30.org

!FOGE_logo.png!:http://www.foge.org/

h2. 2011 KickStarter Backers

"Adán Sánchez de Pedro Crespo":http://aesedepece.com
"Adaptive Sensor":http://www.adaptivesensor.com
"Adrion.biz":http://www.adrion.biz
Amber Adams
"analognode":http://singularitynode.com
"Andre Knoerig":http://andreknoerig.de
Andre Koot
Andreas Hoppler
"Andrew Laughton":http://aquasate.com/Andrew/
"Andrew Sliwinski":http://andrewsliwinski.com
Anthony Burns
Anthony Giancola
Antonin Paquet
"Antonio Quirarte":http://mx.linkedin.com/in/quirarte
"Antonio Zugaldia":http://www.zugaldia.net
"Ben Diedrich":http://wiki.solarsails.info
bitbangerbob
Brandin Watson
Brendon
"Brian Baker":mailto:BriBak@msn.com
"Brian Enigma":http://netninja.com
Carl E. Jones
Carl Rigney
Chaim Krause
Cody Harrison
"coffeehaus.com":http://www.coffeehaus.com
"Corey Hoard":http://coreyhoard.com
"corvus and columba ltd":http://www.corvusandcolumba.com
"Cytron Technologies":http://www.cytron.com.my
Daniel de Kock
"David Hagn":http://757labs.org
"David Hooper":http://www.davesplaceincyberspace.com/
David Lambert
"Derek Bever":http://electricalpie.blogspot.com
"Derek Casari Dev Dir Federation of Galaxy Explorers":http://www.foge.org
"DIY Drones":http://diydrones.com
Doug Jones
"ECTOPUS":http://www.ectopus.org
"Evil Bekka":http://evilbekka.wordpress.com/
"Florida Dream Homes":www.FloridaDreamHomes.com
"Gabe Ortiz":http://gabeortiz.net
Gal Buki
"Gary":http://www.rocketscience-ep.com
Gautham Chandra
Gavin Hurlbut
"Gene Foulk":http://genememe.net
Gilah Pomeranz
"got-health.com":http://got-health.com
GrenDup
"Gui Ambros":www.twitter.com/GuiAmbros
"Hugh Reynolds":http://www.flickr.com/photos/40922828@N00/
"Icis Machine":http://icismachine.com
Jalil Wahdatehagh
Jay Bryon
Joe (LVL1 Hacker place)
"johan.cc":http://johan.cc
"John Amschler":http://www.linkedin.com/in/amschler
Jonas T. Anderson
"Joppa Communications":http://www.joppacommunications.com
"Joshua Hohendorf":http://gplus.to/noname580
"Julien Guigner":http://julien-guigner.name/
"Justin Myers":http://www.justinmyers.net/
"Justin Wick":http://apod.nasa.gov/
Karl Palutke
Ken
"Lattra":http://www.lattra.com/
Leonard Richardson
linlu
Lisa Englert
"Make Make Place":http://www.makemakeplace.com/
Maria F. Kapaniri
Mark Kizelshteyn
"Matt Foster":http://hackerific.net
Matteo
"Matthew Petroff":http://www.mpetroff.net/
Matthew Wilson
"Maurice Perry":http://www.perry.ch
maxD
Michael Mary
"Michael Messano":http://nowhere.com
Mike Hadmack
Mike Grannis
"Mikey  Pechner":https://plus.google.com/108199395698041000430/posts
"Mr & Mrs Norman R. Zickuhr":mailto:zickuhr1@verizon.net
Nathan Caza
Nathan Loofbourrow
"New Mexico Technology Council":http://www.nmtechcouncil.org
"Nicholas C Lewis":http://www.NicholasCLewis.com
Ofelia Martinez & Steve Fields
"OLogic, Inc.":http://www.ologicinc.com
"palenoue":http://www.palenoue.com
Pat S
Patrick Maloney
Paulo Marini
Pedro Perez de Ayala
Phil Culler
"Philippe Chretien":http://www.basbrun.com
"Phillips Brothers Thrust Merchants":http://www.pbthrust.com
"Pieco":http://pie.com.co
"pistachiopony.com":http://pistachiopony.com
"Project Persephone":http://www.idiom.com/~turner
"Protospace.nl":http://www.protospace.nl
"Quelab":http://quelab.net
Randy Giesick
"Reversity Ventures":http://reversity.net
Richard Neveau
Richard Wardlow
"Robert Belknap":http://hooloovoo.net
Robert Morgan
Robert Wood
Rocky & Christine Randalls
"Romain Bazile":http://wiki.gromain.info
"Scanner":http://www.apricot.com/~scanner/
Sharjeel Aziz
"Shaun Houlihan":http://openedison.org
"Sleeping Giant Guitars":http://www.sleepinggiantguitars.com
"Smoke DMT.":http://www.youtube.com/watch?v=2pfwY2TNehw
"Snaju LLC":http://www.snaju.com
"spark":http://spark.cyberpunk.cz
"Sparkle Labs":http://sparklelabs.com
Steve Bennett
Steve Burdine
Steven Tighe
"Subreptice":http://www.tetalab.org/
"TAUTIC ELECTRONICS LLC":http://www.tautic.com
Ted Meyers
"Timothy Noble":http://acmespectacle.cc
Tomasz Finc
TomTom Tommie
Trevor Lewis (757Labs)
"Van":http://www.google.com/
William Potash





